S/N,Category,Title,Price,Item_url,Image_url
1,shoe,ASICS Tiger Mens Gel-Diablo Suede Workout Running Shoes Sneakers BHFO 9669,$25.19 to $32.39,https://www.ebay.com/itm/333916816226?hash=item4dbefe4362:g:0NkAAOSwTc1hTKKB,https://i.ebayimg.com/thumbs/images/g/0NkAAOSwTc1hTKKB/s-l225.jpg
2,shoe,Canvas Pumps Mens Womens Chuck Taylor All Low Ox High Top Trainers ,$26.00 to $28.90,https://www.ebay.com/itm/363315888445?_trkparms=ispr%3D1&hash=item549750813d:g:2mMAAOSwvblc5k4P&amdata=enc%3AAQAGAAACkPYe5NmHp%252B2JMhMi7yxGiTJkPrKr5t53CooMSQt2orsS5%252FLJbfonbQUYd49AU1AJY%252FyHi6dUuLtX9s5vab%252FshwMVYU6bujvMf%252B06JeY9m7fbeOERz5CPP8S7Gfu5V8fuHhu5Lo8zqKmW1kezfB9ZiqXlEV9CBqT7XhIN39Rzda5W51vYoPtoCfjviPgq%252FqEzpyjWfsV1wo4nY4jmQrJ4k83ote4z%252B%252BxnW5mUisEVBkYbSQ7e1V6vFgc6lE8qRVZiUDVYJP%252FlDb%252B8Kb5OwOsyj73U2VZtOd5zz%252F0qokXH%252Bn5vBV3FsFSkBdFPRwgU%252Banlu5kjrhuDsytzurgdnGxMD9oPbi%252Bqg%252BkiEs71ymSBe9KyRrAZEvushMlKfGLtBiXCIIUVS%252FtYivKFSg4%252FgTLOpIPxihTJgRegUbm2tKLmTrF9okD%252FB3quQl1ZQrjDZipo3Mp8xpnp6fZjyALi0ZKUGgv97EWg1fOBhwjGvQsGLsjAfOPurwLNxNJxgWRUqueOS1BEAzf7uTcbzOigem6%252FaKGQiIBcHYTdtRIaegSzW5ud%252F7w3DGSSspdt7%252B76dEQjlgCJQaRZ3vLS%252FwzKzK074EfNYHRk25LsjNopV%252B7K1j5pNRVFxtV8gxVDBZfIs0rseJUtA2rQglFAoeZpWBwRqXSWlw39vhsXeC%252FCPr%252Bs8QACFzVEONxYNd1RrgWI%252FL3mpmF5c15eZ9D9CnGPQBjsR5%252Fp1MrjoBcr5dXpZgo052A6oCUb8eDf2tX%252Ff5D8CLlVDcrWZHp43SQ0iIV2ZJeZEc7Xefv%252BCK%252B3MpjxC%252BC7LqGP9DMs2jr4LTrPzJtkUxeWUluGR2RAWUxFBp9jNZOW%252FW0Fv8PsUEqXN3NC6VxJA%252Bpo%7Campid%3APL_CLK%7Cclp%3A2334524,https://i.ebayimg.com/thumbs/images/g/2mMAAOSwvblc5k4P/s-l225.jpg
3,shoe,DC Shoes Pure Men's Leather Low Top Classic Skateboarding Sneakers,$31.49 to $49.49,https://www.ebay.com/itm/293624786898?hash=item445d66afd2:g:8PMAAOSwzUpgIuC-,https://i.ebayimg.com/thumbs/images/g/8PMAAOSwzUpgIuC-/s-l225.jpg
4,shoe,Insoles Insert Shoe Arch Support Carbon Fiber Rigid Inserts Flat - Size US 5-13,$49.45,https://www.ebay.com/itm/202720033488?_trkparms=ispr%3D1&hash=item2f330e3ad0:g:Q5EAAOSwWUJf61rC&amdata=enc%3AAQAGAAACkPYe5NmHp%252B2JMhMi7yxGiTJkPrKr5t53CooMSQt2orsSjVt3vLKCbov98Z19qhuwY%252FGJjYzL39qW6t0XHdkVeFG1B9NnG1HAf7y8fMbXmQqfSR7vMdZgh6mqb4TXWymb%252FpJTDLWlu40WZiGyQRuu9CzZFBE7RIYDPGw%252FqT5UZQW0eKqepmhrvGU4Ntr6P5WEL%252BanBQxQivnjPqzwOG8nQl5F1vaH1dqhY5c7vOXaSeqr1OIM2%252BIFTp9VXs709it6lM%252FGr0G3cjzLF9Yb%252Bu5upa%252BHFeu1jerf9B1xmtkfzueImk%252FJf1DyFtLufHXWBd7hdEBXglS2FxrMOe%252FLfZpsuQEB7QILi%252BXinsdvek51pPw4JvW30PNR1%252Fg5%252FzJY0LbK7uXHzAWQ4%252Brnz%252BokK2cH%252F7n0%252BtPYmZSyDiPGH5Sk%252FCfmieBbp%252Bc5WrCtabrdF7Hcla52judzpmpHmYnkWAv6AfnqSxLYltfaejykYDX1H49q2KCvg5EvkDHRzpr9Qg%252BopAnWn6ABpNgIaP7UpoFM3k80%252FVAyWeQfKmy56hmnsglrF4a3qBnx5WfqxSGsRieUgL7erQl%252FTZYJf%252FNyjkxXYSYh0Bp42VnBubAK9BIb0s5eVPLxpKrPotLARRtNSxYZNRIwzE13yMaAhaZho25A0boWaLhl3KSYdulD9LRbyp8ThlhDTcNlwa7pxrqHv%252BYu%252F0uHwUE6e9pIOwh%252FItrAoovdT68mqsXXZc6wFP48i1Wpo0%252FEKD2jNdQ7aqzHZz8RIDgw0YT3dgb0vnIaeNF3qqqlcTJ9dtu6MRi23hXYfMbjgDeSLAsR%252Bek%252BIcc32bm55fsvdiTQcGwUY%252FzKP7ixi5Z1rvFb0g2cvLjyM%252FfMEvsU%7Campid%3APL_CLK%7Cclp%3A2334524,https://i.ebayimg.com/thumbs/images/g/Q5EAAOSwWUJf61rC/s-l225.jpg
5,shoe,"Nike Air Huarache Running Shoes, 318429-040, Gray/White, Leather, Men's US 9.5",$20.99,https://www.ebay.com/itm/165090788706?epid=22039809436&hash=item26702d8562:g:5IsAAOSwsX5hTjy~,https://i.ebayimg.com/thumbs/images/g/5IsAAOSwsX5hTjy~/s-l225.jpg
6,shoe,Air Jordan Retro 9 ‚ÄúUNC‚Äù Shoes Size 10 Blue & White Men‚Äôs,$20.00,https://www.ebay.com/itm/115010616893?hash=item1ac72abe3d:g:gjgAAOSwVhhhTW6r,https://i.ebayimg.com/thumbs/images/g/gjgAAOSwVhhhTW6r/s-l225.jpg
7,shoe,[New Balance] 530 Retro Running Shoes Sneakers - White(MR530SG),$99.82,https://www.ebay.com/itm/363011658478?epid=26045036478&hash=item54852e52ee:g:gPYAAOSwG4Be9FtP,https://i.ebayimg.com/thumbs/images/g/gPYAAOSwG4Be9FtP/s-l225.jpg
8,shoe,[New Balance] 530 Retro Running Shoes Sneakers - Beige(MR530SH),$99.82,https://www.ebay.com/itm/362963294641?epid=28045031750&hash=item54824c59b1:g:i3IAAOSwX3xe9FtO,https://i.ebayimg.com/thumbs/images/g/i3IAAOSwX3xe9FtO/s-l225.jpg
9,shoe,Men's ADIDAS LONDON Shoes Trainers City Series Dublin UK 8.5 US 9 42 2/3 90's,$76.57,https://www.ebay.com/itm/115010786526?hash=item1ac72d54de:g:IigAAOSw~KVguMSO,https://i.ebayimg.com/thumbs/images/g/IigAAOSw~KVguMSO/s-l225.jpg
10,shoe,Vans Old Skool All Over Checkerboard Black White Shoes New W/Box Men‚Äôs 3.5 - 13,$79.96,https://www.ebay.com/itm/164604869877?hash=item265336fcf5:g:fr8AAOSwkgZfIqZn,https://i.ebayimg.com/thumbs/images/g/fr8AAOSwkgZfIqZn/s-l225.jpg
11,shoe, 	 Puma Future Rider Core Casual Shoes Sneakers US Size 9 - 37403803 100,$60.00,https://www.ebay.com/itm/203625731526?epid=14045637254&hash=item2f690a15c6:g:xmwAAOSwgxRhTjBh,https://i.ebayimg.com/thumbs/images/g/xmwAAOSwgxRhTjBh/s-l225.jpg
12,shoe,Nike Lebron XI 11 Everglades Lace-Up Basketball Shoes Men‚Äôs Size 14 616175-006,$80.00,https://www.ebay.com/itm/324802421725?epid=9039816354&hash=item4b9fbba3dd:g:It8AAOSwz8hhTk3p,https://i.ebayimg.com/thumbs/images/g/It8AAOSwz8hhTk3p/s-l225.jpg
13,shoe,3 Pairs Mens  Ladies Invisible Socks Trainer Shoe Liner Black White Grey Sock ,$3.41,https://www.ebay.com/itm/384334917060?_trkparms=ispr%3D1&hash=item597c256dc4:g:4D8AAOSwr6NhLw1R&amdata=enc%3AAQAGAAACkPYe5NmHp%252B2JMhMi7yxGiTJkPrKr5t53CooMSQt2orsSQuF9OYLb3wphIAOfpJK8RtXvWBEw8SzuEElENcgwByFl4Gv414zY%252B%252Fk%252BYrz0XAayaPPC8BNGKEs8w7GRVxaV3UWlnz3IWDazf0HfIzo9%252BW8R%252F1bmA6N6i0K5v5WvQQAHWWqZCUgjZ8ivjWVrhfZkz%252FM0N843unbYL%252FxPeNlWc1BvFoinYyPQIPzFIw4j8rwZuf6FOYIgaq12R7Gq04eGXHZx1IA%252F71wEKVbSxT%252BP3T4Yz%252FyR52dm6EuxmOE2xenT3PcEIne%252FijoxwzKVLcHhtx853T326N84SHwy3qftKBQMRf2cu2uoPg8EULkKu5vwvwSNIDzcKnqq9Ps521ZvLReEQcjKttaTNlypUh7ZiR1T4oYGlJrPR4CyOGw6mu564wjZvtoTrBl%252BitROWztjRl%252FFDn6yzKvu0hLSq9fOHCKomOsaJ8RwXYzdHTjaUfjrY8XEeFVvRYS%252B1QVvSHMrxGRkDckGAXuIO2LRX5Axrehq8R5uNo0F8m9k06KwkpPw3SARwwbPukhkkWIu3A9XcnU%252BbV2f69T%252FC69IEgLqAmL7%252BAV3TSdX7oelE6jS8V4in%252FBiEAsiA3Un5WliGVMYCQcV7NNYZK0nfQdiCycNUySlzP%252FipRlEITYy2Kttjnl%252FlC4JJiofSFtihLiJU%252B99YL9ihKkkH4X%252BABj0EtYxw8Atczp38ZXRCvd3LN6D4nmIoFF1VSC2W%252Bqz1vBMj3BT6oAZStTv42LG7meqPYf81i9R29%252B9xeoFbGmbeJMUAHmWbI%252FOz2Z0h6jVTPBgCPOpZD0LIScs%252BZ%252BMzn1022xOHAvBuU4%252FpHMOtaswu%252B3M69tR%7Campid%3APL_CLK%7Cclp%3A2334524,https://i.ebayimg.com/thumbs/images/g/4D8AAOSwr6NhLw1R/s-l225.jpg
14,shoe,Water Shoes Men Summer Pump Breathable Sneaker Swimming Boat Athletic Sport Shoe,$13.99 to $15.99,https://www.ebay.com/itm/353493371116?_trkparms=ispr%3D1&hash=item524dd8c8ec:g:VUYAAOSwbSFe5sW8&amdata=enc%3AAQAGAAACkPYe5NmHp%252B2JMhMi7yxGiTJkPrKr5t53CooMSQt2orsSd0ReTLyM7cxPnI6zs468EDuQg9gaOyTem2x2RNN%252B5I5ayFHoNTTlih4CRjq6SKUS9ojZ8IinF5ABGNkGZOhEVOpD6df5nGmHLO1GiBZtksa1BMa%252Bm6kNkJ3WiCYvdceFsa2CUc6hSBH4EPiVQ%252BW4DpJLZ51xwBt0FySoJhCuCffpswOaMXG05Yo93wlf0KQOCaTu3XwXn6KaJdPNNr89876HiSTccju7hmQfzbKscqfJP5gouDuEezQCQPpU5MzSyy5FNYV53dStvK9tovhegZeM1vD3mUgPkXlv5Tct2qeLokEwjxBBaqsN8NO1TgduGzeIUE0KEHu7%252Bzz9V%252F700kk6r6qcTZXFOy2RMHMtFhYbcuk4Iehm6ZytpbZApzHmcwuKHDY4RuMQioZpRDpa4bwhAVK7vumNtT5vkkPsbIvcTtRva3BqpX8yUFHeBRvXhBIevf5%252FIZaDBS%252BuVTZ1%252B8K%252Frpwq8PdOlIjJI6FYsJO1A4%252BbDlLfz2PB9amiIScBbUhykr7Cj0suwoIMbEZo8NsuGEkSvn9HzV3xp65WkeF3wcXHoEXsk5HguXWkOoCSup2D4FT7rDcAlGPa%252B%252F9laqN09mFAGr3%252FXIytUtj45s3HT4C8YG2AtpUUgQGuiIQhQkdJrU5Qdk%252BRRx8Fb%252FR%252F36oBwsc6%252F62AkxC9jf0o66nz0Z%252Bw0akJSux%252B2WPtIjHBesF41k3v%252FQ93ss2T%252Bu1UvAmaf%252FU%252FKSXFa76JhmAXf2XWILrNanFHLP6J9vyyAOAJ7i9PkrAx3Mn5zqE%252FwarJYan5eaxltn0iefgp%252FhiN0KAj218z6tvRLW%252BAiOztiHBj%7Campid%3APL_CLK%7Cclp%3A2334524,https://i.ebayimg.com/thumbs/images/g/VUYAAOSwbSFe5sW8/s-l225.jpg
15,shoe,Puma Unisex ST Runner v2 Mesh Sneaker Low Top Sneakers Running Shoes,$63.25,https://www.ebay.com/itm/133740080050?_trkparms=ispr%3D1&hash=item1f2387abb2:g:vtsAAOSww4hg~Rh5&amdata=enc%3AAQAGAAACkPYe5NmHp%252B2JMhMi7yxGiTJkPrKr5t53CooMSQt2orsSHYXPhGXR5uguexJBeHwfgX8kR2zbPqEJ9YUQRKrGnrLsK%252BhJauoBRK2vxOapXePsZRGxs%252BjJ%252BtW%252BomaUIgLN6jwoVpjyKId63jAC2UtLFDLseRV%252BGF%252BaSk97kT4wfrPIWPNWz%252F%252FZKr6rIaRfHeIMk5loVQGzytTA%252FX3wuSrrCq%252FqAmKjqs5izjna4zbQT%252B089WmHslp%252B7yAfC9ExD9gPXil%252B1D2kJ1QkKoRvIAbU4ViYul1isl1NuG%252BHXxvGF6CYOaDh9PajfE7COhylECPOCEpJQtR6TmO9th9moeS7t31E8EvE6efbljdwWEiT%252FzTkptk0FuZcguZrOT9DklZ8JQkUrQse%252FqodvSxFZVxdKSGqVh6SHfScvqh050WEeP5fWY6FWCvn5I44CtEZJ8rrgijX%252BKbYtERMGymuc16NouZ8FX5UFFunbQHzI%252BM%252Fd%252FC3kSxSz1nXJVNnbrd%252FXV%252ByqwY6tRBNHCcfZt%252F2lq40HpRc3KyS0DmJowgZL2P2w8BiM6K0%252FRbU6FHAzRnyFcrhDbDVBvvWJ%252BS3yEM5NzE6IPlsziIbE7J2vDKuYMfgimsEA7Qa2nUKbrUkI51r4xLdqKMTbNVz2KBtRA45D4EQZn3iyTvh2R5%252BOBYuU3ejzSa7zTQT%252Ba7gLChCI6wjKCaqO9At8dH7bWeMGgRll2sbfDkLNe0QuBaRUm5oUPRZqc8p1Lz4r5GDCaYpsLtl4lgtatMzaPyckovxBwRE9F4ONDUUAn7PaK2Rc%252B5obkAHR970o1sZqNtSnUTMS32jcZyUZwF5OGMmn%252B3%252B8lfJSPCNh3oOaKmaXpP%252FvAZud%252FFXhyhb%7Campid%3APL_CLK%7Cclp%3A2334524,https://i.ebayimg.com/thumbs/images/g/vtsAAOSww4hg~Rh5/s-l225.jpg
16,shoe,Brooks Glycerin 18 Men's  Size 11 Authentic Cushioned Running Shoes 1103291D064,$65.57,https://www.ebay.com/itm/224623236619?epid=16041365858&_trkparms=ispr%3D1&hash=item344c96960b:g:U8IAAOSwvrNhTzEh&amdata=enc%3AAQAGAAACkPYe5NmHp%252B2JMhMi7yxGiTJkPrKr5t53CooMSQt2orsSvtkx670Z0mbyfWqmxLFLYai1cf3xBwKaCVZXjw2%252FEHuXsX%252BJqaiaQ5cMU9D%252B1E0Bngd37VW9JhJdiVMcVY477tJRuZaMPB60zCa1HPxpNjK9g%252Bbfx5O2rflj9%252FJGWy3HXVIMcJqZIYTpe5CpiHAGShe4i3XZL6DHGwwpn7OTRh2xgBcV59TxFD7LLdf5UnsNir4nSgN8wLyHDJysISkg0872dNEyBAEMF1kqtioPsqdgTQsBP6vtyIpiggg60T3KEYk%252BRsG7C3hZGtYQlnEikCypsgMMGDFamIjP6CiZYOYt7zm7sxBda4tqtrcn4h6CcsI1FTkRqX6goI2%252B7JQGbi%252FsFqN8XOt5JEprmq3s%252B99XBuWih9FBdUHeYvuL9RGc%252B2SO8dTpyE1kLBB%252FTxpexCBUvTArseAAzFnICW7bPwFarDGBcQlTcNMN7RCRkR8MM2rBNZcfLS9Q9PqawZG0Rx4QXZUZA64t6NMbKy5r%252FnQnjZBhpl51fOiRGZhFHAbHzT6wkyDsztuih7CO1JJu%252F3Oc3NiXyIzXq5W9KoNzmWlc8YSkCxEqK3bVEOSO589xLLTQqeI%252BopgEsECIo%252FGgECsstiluc1OJScK3Vbai0kwuXntzaA8AsgNnQZMHlDlPGrJPWW7XWUtTBCbNylBS817Tg3jO%252BO4jFZpfZ2KDdptPYzfGgCnTxAcHIcBoLCq4WaMWc%252B7nkUCR7aKv0GUy5rchx8GSR09eDjI4%252ByNBNsAllllCZyFp29GeWWEDZ2xmNnjwgZMD%252BRPzviLvJA7w4P2FTK0%252Fhmx3OuHCi1fte8LSdDvZen%252FJE4osaPY4X8T8%7Campid%3APL_CLK%7Cclp%3A2334524,https://i.ebayimg.com/thumbs/images/g/U8IAAOSwvrNhTzEh/s-l225.jpg
17,shoe,"Newton Gravity III Mens M000114 Pop1 Sole Running Shoes, Size UK 9, Yellow",$27.35,https://www.ebay.com/itm/154624870214?hash=item24005c4746:g:5ccAAOSw9OFhTipz,https://i.ebayimg.com/thumbs/images/g/5ccAAOSw9OFhTipz/s-l225.jpg
18,shoe,Air Jordan Spizike Stealth Men's Shoes Size 13 Black Varsity Red 315371-001 Nike,$79.99,https://www.ebay.com/itm/203626708448?epid=2310850171&_trkparms=ispr%3D1&hash=item2f6918fde0:g:HBcAAOSwzelg7Fns&amdata=enc%3AAQAGAAACkPYe5NmHp%252B2JMhMi7yxGiTJkPrKr5t53CooMSQt2orsSjVt3vLKCbov98Z19qhuwY8xfSW%252Fpn2bqvDE%252Fxam1weYsDSgzHbVPs5duVnTdtzotypZquKmY3KPeae47ZN2HxcNwtBgw17F%252F0oLKBeCoRARXJVeaV8jsHBYNLn7%252Bu8vpzPvkvyfzfpv30eI3Jf8DyMrh%252B79xrQz2KUw2AuX4K%252FcTN3bPySCJhcxbNbAq%252FoDrnEi%252BTG63mx7ns5Zo%252Bl3tpMHE5cT0Hjyr1nckApyEjDAGC1pQ2fQJo0h2L8fXW%252FNPPfkQx03IIcMH0%252FwmoyPuqaIUbhom2qJLyYnv0sLF6%252F6qPt7cVb3qx3AZv9Y2QyaTzrp2xAD%252B1aqmFZluO%252Fvhno2vPDhBd9wN8bADtWmuZqfk%252FEnpSlEr5aZVpsFt5em6uTL4LQPfq5l0FQ2QuKfL9oMpIlcE8rjl6456uQ8gzmnuSh0W72Wwz6RdrEv2NQ1%252Bzhlg9F58OFcNSis%252Fnme0LB%252F3TefJzygwArt76dib8N7WkOhWy1Hvz4DVda15u9pdTLLoo1S30MByokfV5FUKbCTyYB4MKTMr1f5Zm1r%252FMHjam0rrKbcjVxsMYOZyQ%252FTA2syHmw5ArACRURDt1yBeBappwNzSBuuVDMHdiI7ofj7tgm7cDKB3DXw%252BnOsa%252Ff2lhJ9hamn96Na4dYaMjwgX8deQWVtmuEce4DIHtYcmmTs8rH%252FQ7djmVhc9aG1%252FudwB9pezEMYVTMeKMri2JPrgkU9WPoRVacuzNOE0ZzrEX%252BZUfXYrcjJJ%252FazR6sJT6OIRq5C71UfaN4xxjR%252FeVqeoycYGLSkwO%252BuF2sU4ojLbDDopi4QgNMQpArb%252Fxslpcgk%252F%7Campid%3APL_CLK%7Cclp%3A2334524,https://i.ebayimg.com/thumbs/images/g/HBcAAOSwzelg7Fns/s-l225.jpg
19,shoe,Adidas Original Superstar Sneakers/Shoes Shell Toe Mens Size 10 New W/Box/Tags,$65.00,https://www.ebay.com/itm/144218223284?epid=2313164322&hash=item21941372b4:g:yuEAAOSwNk1hT2AV,https://i.ebayimg.com/thumbs/images/g/yuEAAOSwNk1hT2AV/s-l225.jpg
20,shoe,Adidas AR 2.0 Men‚Äôs Size 10.5 Basketball Shoes Sneakers Hightop Black,$48.00,https://www.ebay.com/itm/115010675771?hash=item1ac72ba43b:g:s3IAAOSwxOlhT2KN,https://i.ebayimg.com/thumbs/images/g/s3IAAOSwxOlhT2KN/s-l225.jpg
21,shoe,Diadora-Sneakers n.92 for Men and Women,$37.13 to $56.22,https://www.ebay.com/itm/353264600477?hash=item524036059d:g:M2QAAOSwS1hgp7BQ,https://i.ebayimg.com/thumbs/images/g/M2QAAOSwS1hgp7BQ/s-l225.jpg
22,shoe,Vintage Men's ADIDAS TECH SUPER Shoes Trainers City Series UK 9 US 9.5 43 1/3,$25.97,https://www.ebay.com/itm/115010793857?hash=item1ac72d7181:g:uxgAAOSw1CNgu9cJ,https://i.ebayimg.com/thumbs/images/g/uxgAAOSw1CNgu9cJ/s-l225.jpg
23,shoe,S49.156 Men's Lockdown 5 Basketball Shoe,$100.00,https://www.ebay.com/itm/313670812348?hash=item49083cc2bc:g:kH4AAOSwjO1hPM0E,https://i.ebayimg.com/thumbs/images/g/kH4AAOSwjO1hPM0E/s-l225.jpg
24,shoe,Puma Mens Future Trinomic Swift Splatter Athletic Shoes Sneakers BHFO 6503,$26.09 to $28.79,https://www.ebay.com/itm/334067000403?hash=item4dc7f1e453:g:OpAAAOSwjyBg5N9f,https://i.ebayimg.com/thumbs/images/g/OpAAAOSwjyBg5N9f/s-l225.jpg
25,shoe,Men's GIESSWEIN Merino Wool Run Shoes Trainers Sneakers 44 US 10 UK 9.5 Lace Up,$54.69,https://www.ebay.com/itm/115010793803?hash=item1ac72d714b:g:wKwAAOSw0t1hP7zo,https://i.ebayimg.com/thumbs/images/g/wKwAAOSw0t1hP7zo/s-l225.jpg
26,shoe,Man's Sneakers & Athletic Shoes Reebok Royal BB4500 HI2 High Top,$72.99 to $87.00,https://www.ebay.com/itm/124703226698?epid=11022723102&hash=item1d08e43b4a:g:ln4AAOSw329gi66o,https://i.ebayimg.com/thumbs/images/g/ln4AAOSw329gi66o/s-l225.jpg
27,shoe,Nike Air Jordan 5 Retro Raging Bull Red 2021 (DD0587-600) Men's Size 7-15,$260.00 to $320.00,https://www.ebay.com/itm/184928521381?epid=17044905705&hash=item2b0e994ca5:g:HF0AAOSwY1Ng5PC1,https://i.ebayimg.com/thumbs/images/g/HF0AAOSwY1Ng5PC1/s-l225.jpg
28,shoe,Nike Air Cross Trainer Low Triple Black CQ9182-001 Training Shoes Sneakers,$142.49,https://www.ebay.com/itm/114713091722?epid=12045081668&_trkparms=ispr%3D1&hash=item1ab56ede8a:g:neIAAOSwz0JgQMDU&amdata=enc%3AAQAGAAACkPYe5NmHp%252B2JMhMi7yxGiTJkPrKr5t53CooMSQt2orsSR84A%252FGMxXIqJzFmDq6lDLrg2Hd17Bh1dGerTbvaU%252FApqXZZqWDcFKXojUda2EYk%252FJWboXntGOv3xjPdCJ%252B7HDkpIUlD8lku1pSkarF0RQFZFPHp8EDuijZPJa8vFdd08L5XZSOj%252BuyliZTZUi4sMkQYzRBifhFiFjpi%252BVjSvEsVsXT%252B0BiLiPUxJB6cSd9RTahbFwgeYS1nq1vRLx8cCaJVvM5JrLNCD7kDbnQ7R9rWiTqdvABcZkrWovZ2%252FTpVEFbN5QDkQRV8sjqUFTOGKy0PdRaU%252FSidp0GvMNWHCtLy1p%252BeY1KjGwIYWJ76POZQ6kcDlmW%252B4Iy4y9u8ic%252FWbp%252B7OD9gQmZu3%252BNqI1cr5UV5bxwQ%252FmqZtQAdfmVp%252BoV09hJohurJAPr2MaYFF5SWzuWiDN%252BMkAMonGH8yk%252FktboJoS9NO5rlyqs4oDhOJUG1pLSPx4cw8zAhTvArdelZw%252Bd%252BusnTQIVZTfr4JFIxl7is0TjecPPGVzv84q9GW3fvt82peZXq8RXAZQ8ods4izaEjs%252FwVRjXj7dIbheaD8GMCXT3PBltgZ1JfNRPx6lePfDz3N16JO%252FRTO9D6Xz5980f72u8hk%252BYZl6arGvpLjctjQcHyC1pJgZXS1eKM4sY7sQxviBmhtV612V4%252FSq3t%252BvFOliv4U706OV5kckU%252FMzPKUo4NSP6Ol9VI2nrdohbdON6z5p%252FFkUadqjJYwZyS%252BFJahacLgMB%252BEGKxB1YsPOlATN1vzJaJ7hKHUGGwvjL4DPJkJouX%252FoKtLZt9w%252Fp6iLWJUWXoHRhaxrGVtJAjNczQxh%252B6i1p2BWrn8J4k6bXBT%7Campid%3APL_CLK%7Cclp%3A2334524,https://i.ebayimg.com/thumbs/images/g/neIAAOSwz0JgQMDU/s-l225.jpg
29,shoe,ASICS Gel-Quantum 360 Running Athletic Shoe T5J1N Blue Green Men sz 13 ,$64.99,https://www.ebay.com/itm/133886828690?_trkparms=ispr%3D1&hash=item1f2c46e092:g:b3QAAOSwOelhTn3c&amdata=enc%3AAQAGAAACkPYe5NmHp%252B2JMhMi7yxGiTJkPrKr5t53CooMSQt2orsSHYXPhGXR5uguexJBeHwfgWyiA0%252BFwCNfl%252FnxvHQokSxc7AYogBUeIjY8Qzcb%252F64VWuVQrX%252FDAfpRB7Y6xHm72GqEYbYSaWCj0qODANWqxyHNnfQ1uOXz8MlkG4GkKbV%252FDHiTh%252Fi5y5eduQZiMZF7dc9LJnhBYIh7IN8pz3YFhJbGR2pmfu3DHPWZoPwQbA7%252BW821kjLZrsd%252F4Sc%252BIa29ZRXlKQWcrqh6R3d6AYoLeZQKi9zeVDLZAQNCCcSUynN3p8wmM557xmy%252FxSlVam%252BTIToHLvePbWuRviiFCbRrQit4jjHPrGbdi9Yp9io2%252B2K5dY6zVwHE9MoQ7sP6IJnTfwE6LsBCD0%252BudxlR2HCiJWOrAISugJO9kBeORkgnLskQVkwxXkC3fxnWsMqdQZGPv2AZjdc%252FYmC6dM2tNw6e2X316yMxjoQ9waXX1KApzrmEvtET8drVFbxXAlJty%252B%252FF%252F4xXYpap84fSFnvvO42lZVdNfEAkAEKv3sWq%252BZqKYFr5uwPZNJytqlZhf8xxoIdN7MEIviJdPuK5xgnoCZ6cemb5T5OK3d%252FKKZIYh5Cn34WpL1Osbh2ZGUAlU%252FnFyuGcQHUjNulTjCgQ54YcyGFQ2P6C7Jj%252F8NGDximDNuOtJl6a11KhnGgE6JlBIaQxc2PKpkZqtAG49meB3mR7L2QHZuobVLorAfYsghVjGj05pIW%252BS2KiWXBrRK9N4JDZnpHNW9YhxUagZnWvnRn0NE3qktxpQPc3C5yLcytCx3ma79OqyGgK3ZthRstx223ho%252Fqx2NsMMd8vlyKMePZcEWww3JoHMlKAy3RaifRqdRCDObk2%7Campid%3APL_CLK%7Cclp%3A2334524,https://i.ebayimg.com/thumbs/images/g/b3QAAOSwOelhTn3c/s-l225.jpg
30,shoe,Nike Men's Revolution 5 Running Shoe BQ6714 002 4E EXTRA WIDE WOLF GREY ALL SIZE,$62.99,https://www.ebay.com/itm/255149101961?epid=11045635820&hash=item3b68125389:g:f1AAAOSw1QxfmO06,https://i.ebayimg.com/thumbs/images/g/f1AAAOSw1QxfmO06/s-l225.jpg
31,shoe,Men's ADIDAS MILANO Shoes Trainers City Series Dublin UK 9 US 9.5 43 1/3 90's,$61.53,https://www.ebay.com/itm/115010793850?hash=item1ac72d717a:g:gpUAAOSwL~Rgu9Zf,https://i.ebayimg.com/thumbs/images/g/gpUAAOSwL~Rgu9Zf/s-l225.jpg
32,shoe,Nike Pegasus Trail 2 Cargo Khaki Black Light Army Shoes CK4305-301 Men's Size 10,$119.99,https://www.ebay.com/itm/144218152311?epid=14047183436&hash=item2194125d77:g:7BgAAOSwGGRhT26T,https://i.ebayimg.com/thumbs/images/g/7BgAAOSwGGRhT26T/s-l225.jpg
33,shoe,üî•Adidas Sean Wotherspoon Superturf Adventure SW Size UK 4.5 Confirmed Order üî•,$272.14,https://www.ebay.com/itm/144217736870?hash=item21940c06a6:g:yOoAAOSwCqxhTxLE,https://i.ebayimg.com/thumbs/images/g/yOoAAOSwCqxhTxLE/s-l225.jpg
34,shoe,NEW BALANCE 992 M992LT BLACK PURPLE YELLOW ORANGE MENS SIZE 10 D MADE IN USA,$249.99,https://www.ebay.com/itm/144218146780?hash=item21941247dc:g:zNMAAOSwxxZhT2zg,https://i.ebayimg.com/thumbs/images/g/zNMAAOSwxxZhT2zg/s-l225.jpg
35,shoe,Nike Air Jordan Retro 5 Shattered Backboard Orange Blaze Mens US9.5 'In-transit',$223.92,https://www.ebay.com/itm/185070786876?hash=item2b1714193c:g:f0cAAOSwsxNhTpeZ,https://i.ebayimg.com/thumbs/images/g/f0cAAOSwsxNhTpeZ/s-l225.jpg
36,shoe,Nike Air Span II OG Laser Blue / Dust White size 9.5 Sneakers,$39.86,https://www.ebay.com/itm/154625391057?epid=3047611228&hash=item24006439d1:g:fpEAAOSw-tNhPDm9,https://i.ebayimg.com/thumbs/images/g/fpEAAOSw-tNhPDm9/s-l225.jpg
37,shoe,Kenneth Cole New York Mens Liam Leather Loafers Slip-On Sneakers Shoes BHFO 2354,$40.49,https://www.ebay.com/itm/334120850569?hash=item4dcb279489:g:vW0AAOSweRxhIDcE,https://i.ebayimg.com/thumbs/images/g/vW0AAOSweRxhIDcE/s-l225.jpg
38,shoe,Nike Blazer Low X White Gum DA2045-100 Unisex Leather Skate Shoes Sneakers,$169.99,https://www.ebay.com/itm/115010827914?epid=6045992543&_trkparms=ispr%3D1&hash=item1ac72df68a:g:9UMAAOSwQtphT323&amdata=enc%3AAQAGAAACkPYe5NmHp%252B2JMhMi7yxGiTJkPrKr5t53CooMSQt2orsSR84A%252FGMxXIqJzFmDq6lDLqjREqy3s3MMMZRvUueih5SUIFdRAWr9wvlNJN%252FpuTPyq1NnjV9fHDTrtOtnueZUDQhfgt04wlgKR3IqpnWtNL%252BywJlAdV3Iul3C31fJPMMDF8lNck9Bn0vlqE2kIA1T5lsgb42LCeITbBCZVFPXobqE%252B2YrvOvfZmQ%252BY1sNrE%252FdOp45HZw%252B52UJ7KjE8SkQWypgLb1G0RQ9w9GZQOYZ5HAvQd8ejL5VmnYew8axBbEBFkA1ffWA25gMUvJd0Qe3M1SOnf2by8Gu7xB%252BVDfoR1dcapGH1HBiQWECs8Sl3qIYCL%252B9I2g40kXw2bYgeZyrFlEE4UycmUlW%252BdTY8R0%252FnSFm3jQHL48y4s2CVGkTrimKsG5h0ws8VL8kcHLmcMK5vNZhT%252B8H0x93oYmfvkfOJ6bZV29jWVAHO497LOm2cG6BJPYSj1kgRVzqGfNz8UXZK1hEra57jHwa%252BBix5LSyMKYcMOxDsQL%252BgSuxQFudv64SHNX5UBmthazTs4x0aKYcy90R6sr5uqy0%252BDoGzSvE9ebovS%252Bkm0iutoVPdNpsZl0nJ%252FRd2lEjxHkb%252Flqyo72GbqlfXkpe24v9EvPYj7g9so0PLN%252FBt2oowTDGYN3Rq09%252FLI02RjUlzM%252F1C4zbzwP%252FzlBGJv%252BYL0%252BuZK7dPCxdhvT81a62QGlSh%252FokD6KUoErNPsHTejBP8O6q1m40JcJZWj5hnHOE4v0U7JOrQr%252FKLq5gV7RFRjj6dgNDJcYyElfZx2MvoplNDEkayCWRiWp7ZCPPT5ogVK6ORN8W9VT322djTqnGJxNUlHEuBXaK5c11%7Campid%3APL_CLK%7Cclp%3A2334524,https://i.ebayimg.com/thumbs/images/g/9UMAAOSwQtphT323/s-l225.jpg
39,shoe,"800$ Balenciaga Olive Suede High Tops Sneakers size US 13, EU 46 Made in Italy",$599.00,https://www.ebay.com/itm/174902622631?_trkparms=ispr%3D1&hash=item28b90239a7:g:fOEAAOSwC6xbQ47F&amdata=enc%3AAQAGAAACkPYe5NmHp%252B2JMhMi7yxGiTJkPrKr5t53CooMSQt2orsSDAeS9EQtjPGVfKXTxF0%252BjlvDvcJjtn%252FI%252BA8u2ySwKu6xE3ZLuyeNESgmWLi00qA18K%252BhuGqUkBNHBXMg4krqDQ1LfEzMrg0ApE5WrV7fL48P6ZU6Irs1n3uw33PNf5es17rmQAhbxZDyqWocZ3034ylsVZHIrnOsDvN00a5wqusv%252BvJVhwL0Vf5GST6w0v6k5j6Cq0Up%252BGo2MvcwT%252F26aPwYbZnRNdmXouzEWznXeeg%252B0oQY93XH4MAK7gFduNsBpukfhHP%252B743rJ%252Bu%252FAnHJkuOnb3w17MMhpK1S8AYFmrVibtiTrl4vhMyakGrrrerADhKXrtK%252BjfB9E1BTjXisUqzRwoHuVL%252FW7SezCBOx8P7szwThSDA45hvkDXtFlbFU94L0fuJkW5TZPq%252BDsn4WQ0Abvjm7Ox4FlutDJXwc8HMPQ20BqXKmQLU3cZBHNEKKjt148NHTttzFUUyX1oOUNOoMvd3qPOqdcBbf9vRw59prk4yVJg7W64E7bFzYjdV%252BdXhtD4UQTq3x5jrqHCeMhscc2M1E1asdPSHI5tcETmbBb3YRPnCe5CCDM3foeBjqdgqY49f6sQHMrKzr5D4VqPs62NBL9W3EBD5vwnirMcMoSvntLhoC1aUEDg4hvj88NQ4%252Fczc%252BMYHexy3PdWMJpii2TWCAvjq%252FamsXXpcmmYf0R45%252Fpejieo9rPfZnKAtInY0NbMsrC5M2l6bkIXlRbs%252BJLA9126Kk5B8q3qNTyX8W4AxFJ2mlWb9hoVtou9mJW1QmMMV2nZt09wPFqeAGed8erFnUL3a0%252FpM02Pk0m32%252FFG2R6g47hH6sU2UOBAqS%7Campid%3APL_CLK%7Cclp%3A2334524,https://i.ebayimg.com/thumbs/images/g/fOEAAOSwC6xbQ47F/s-l225.jpg
40,shoe,Vans Ward Hi Mte Gray Skate Shoes Men‚Äôs Size 8  Asphalt / White,$48.99,https://www.ebay.com/itm/144217812459?hash=item21940d2deb:g:f-4AAOSwsjJghYyt,https://i.ebayimg.com/thumbs/images/g/f-4AAOSwsjJghYyt/s-l225.jpg
41,shoe,"Saucony x Feature Shadow 5000 ‚ÄòDreamland‚Äô Size UK8,EU42.",$209.67,https://www.ebay.com/itm/115009878380?hash=item1ac71f796c:g:ks4AAOSwENVdtAmH,https://i.ebayimg.com/thumbs/images/g/ks4AAOSwENVdtAmH/s-l225.jpg
42,shoe,RARE Vintage NIKE AIR Sneakers Shoes Trainers UK 6.5 US 7.5 EU 40.5 Retro 90's,$166.83,https://www.ebay.com/itm/115010793831?hash=item1ac72d7167:g:1IAAAOSwonVgu8n6,https://i.ebayimg.com/thumbs/images/g/1IAAAOSwonVgu8n6/s-l225.jpg
43,shoe,Adidas Original Superstar Sneakers/Shoes Shell Toe Mens Size 9.5 New W/Box/Tags,$70.00,https://www.ebay.com/itm/144218223103?epid=21043414995&hash=item21941371ff:g:yPAAAOSw8dJhT35e,https://i.ebayimg.com/thumbs/images/g/yPAAAOSw8dJhT35e/s-l225.jpg
44,shoe,Lacoste Manville Tennis AP SRM Mens Canvas Shoes Navy Blue Trainers,$50.59,https://www.ebay.com/itm/292665417395?hash=item442437deb3:g:AVIAAOSw78xbYw7i,https://i.ebayimg.com/thumbs/images/g/AVIAAOSw78xbYw7i/s-l225.jpg
45,shoe,Reebok reebok shaq attaq orlando eur42 us9 sneakers white black azure,$257.70,https://www.ebay.com/itm/185071729562?hash=item2b17227b9a:g:~ugAAOSwvCJhPMlz,https://i.ebayimg.com/thumbs/images/g/~ugAAOSwvCJhPMlz/s-l225.jpg
46,shoe,Vans Doren Blue Parrot Sneakers Tropical Bird Skate Shoes Men Size 9 Woman 10.5,$34.99,https://www.ebay.com/itm/154625083117?hash=item24005f86ed:g:rWkAAOSwTzRhJvzD,https://i.ebayimg.com/thumbs/images/g/rWkAAOSwTzRhJvzD/s-l225.jpg
47,shoe,Reebok Mens Driftium Ride Blue Running Shoes Sneakers 10.5 Medium (D) BHFO 5823,$28.79,https://www.ebay.com/itm/334101761310?hash=item4dca044d1e:g:wW0AAOSwKgBhCweu,https://i.ebayimg.com/thumbs/images/g/wW0AAOSwKgBhCweu/s-l225.jpg
48,shoe,NWT SKECHERS FLEX ADVANTAGE 4.0 Voracity Men‚Äôs Shoes size 9.5,$59.00,https://www.ebay.com/itm/124919704960?hash=item1d15cb6d80:g:kxQAAOSwW9xhT3v3,https://i.ebayimg.com/thumbs/images/g/kxQAAOSwW9xhT3v3/s-l225.jpg
49,shoe,Kito Wares Passion Of Christ Dunk Low Skate Shoes White/Grey Mens 6 (wmns 7.5),$155.55,https://www.ebay.com/itm/124918676136?hash=item1d15bbbaa8:g:HgUAAOSwS5lhTpCJ,https://i.ebayimg.com/thumbs/images/g/HgUAAOSwS5lhTpCJ/s-l225.jpg
50,shoe,Men's THE NORTH FACE gore tex hiking shoes boots Sz. 10,$28.00,https://www.ebay.com/itm/124919385174?hash=item1d15c68c56:g:4o8AAOSw9SRhTzuT,https://i.ebayimg.com/thumbs/images/g/4o8AAOSw9SRhTzuT/s-l225.jpg
51,shoe,üî•Adidas Yeezy Boost 350 V2 Linen Size UK 12 Confirmed Order üî•,$313.17,https://www.ebay.com/itm/144217426297?hash=item2194074979:g:yOQAAOSwXchhTr-u,https://i.ebayimg.com/thumbs/images/g/yOQAAOSwXchhTr-u/s-l225.jpg
52,shoe,NEW ADIDAS LACOMBE TRAINERS SHOES SIZE UK 7.5 EU 41 1/3 WHITE DB3013,$95.71,https://www.ebay.com/itm/144068623528?epid=12044978293&hash=item218b28bca8:g:8E0AAOSw-iBgvnJd,https://i.ebayimg.com/thumbs/images/g/8E0AAOSw-iBgvnJd/s-l225.jpg
53,shoe,Vans Men's Classic Slip On Flash Skulls Black White Canvas Shoes Size 11.5 NIB,$67.99,https://www.ebay.com/itm/165091576288?hash=item26703989e0:g:U6EAAOSwcQhhTH74,https://i.ebayimg.com/thumbs/images/g/U6EAAOSwcQhhTH74/s-l225.jpg
54,shoe,Nike Air Jordan 1 Retro High Shadow 2.0  size US 9 *NEW* 555088-035,$289.86,https://www.ebay.com/itm/154625541169?epid=9047575242&hash=item2400668431:g:QEUAAOSw8zNhTqt3,https://i.ebayimg.com/thumbs/images/g/QEUAAOSw8zNhTqt3/s-l225.jpg
55,shoe,JUST SO SO RUNNING SHOES MEN'S SIZE 9,$5.99,https://www.ebay.com/itm/255149252459?hash=item3b68149f6b:g:utkAAOSwfXFhThJE,https://i.ebayimg.com/thumbs/images/g/utkAAOSwfXFhThJE/s-l225.jpg
56,shoe,Display Only. Nike Cortez Shoes Sneakers 10.5,$48.00,https://www.ebay.com/itm/284464404642?hash=item423b6658a2:g:XpoAAOSw9rVhTmM4,https://i.ebayimg.com/thumbs/images/g/XpoAAOSw9rVhTmM4/s-l225.jpg
57,shoe,Adidas Goodyear Gray Orange Driving Racing Shoes Mens 10  Adi Racer Leather,$37.49,https://www.ebay.com/itm/324802685627?hash=item4b9fbfaabb:g:ng8AAOSweSthSrHf,https://i.ebayimg.com/thumbs/images/g/ng8AAOSweSthSrHf/s-l225.jpg
58,shoe,Nike Air 6.0 Mogan Mid Sz 11.5 Skateboard Shoes 487944-010 Black,$29.99,https://www.ebay.com/itm/144217382236?hash=item2194069d5c:g:SU0AAOSwRU5hOscj,https://i.ebayimg.com/thumbs/images/g/SU0AAOSwRU5hOscj/s-l225.jpg
59,shoe,Nike Air Max 270 Running Shoes Triple Black Sneakers AH8050-005 Men's Size 8.5,$99.99,https://www.ebay.com/itm/144218054583?epid=11039801723&hash=item219410dfb7:g:xOUAAOSwDDhhT1uN,https://i.ebayimg.com/thumbs/images/g/xOUAAOSwDDhhT1uN/s-l225.jpg
60,shoe,Nike SB Eric Koston 1 Blue Suede Men's 13 Shoes Skateboard Sneakers 653999-401,$69.00,https://www.ebay.com/itm/165091829376?hash=item26703d6680:g:gjEAAOSw16JhT0dQ,https://i.ebayimg.com/thumbs/images/g/gjEAAOSw16JhT0dQ/s-l225.jpg
61,shoe,"Nike AIR MONARCH IV Mens White Grey Volt 100 Walking Shoes, SIZE 11, NO RETURNS",$28.00,https://www.ebay.com/itm/144217326348?hash=item219405c30c:g:Wu4AAOSwHjphTp1t,https://i.ebayimg.com/thumbs/images/g/Wu4AAOSwHjphTp1t/s-l225.jpg
62,shoe,Meindl Cabela's Perfekt Walker II Gore Tex Hiking Shoe Men size 9.5 D Brown,$55.00,https://www.ebay.com/itm/124918407508?hash=item1d15b7a154:g:BIUAAOSwTFthTmVC,https://i.ebayimg.com/thumbs/images/g/BIUAAOSwTFthTmVC/s-l225.jpg
63,shoe,Under Armour Curry 4 Men‚Äôs Basketball Shoes Size 13 Royal Blue 1298306-401,$89.99,https://www.ebay.com/itm/133886930088?hash=item1f2c486ca8:g:vD0AAOSwsrlhTqHu,https://i.ebayimg.com/thumbs/images/g/vD0AAOSwsrlhTqHu/s-l225.jpg
64,shoe,New Balance 940v4 Mens Size 10 4E Stability Motion Control Blue Breathable Shoe,$79.99,https://www.ebay.com/itm/154625400219?hash=item2400645d9b:g:yEkAAOSw48BhRs-k,https://i.ebayimg.com/thumbs/images/g/yEkAAOSw48BhRs-k/s-l225.jpg
65,shoe,Nike Air Jordan 34 Mens 9.5 Shoes Chinese New Year Basketball Sneaker AR3240-016,$57.00,https://www.ebay.com/itm/165091702630?epid=21039803746&hash=item26703b7766:g:8HQAAOSwRYJhTyfG,https://i.ebayimg.com/thumbs/images/g/8HQAAOSwRYJhTyfG/s-l225.jpg
66,shoe,"Nike React Presto ""Trouble At Home"" Black, BLue & White size US 9 Sneakers *NEW*",$108.70,https://www.ebay.com/itm/154625609584?epid=21047617140&hash=item2400678f70:g:RgYAAOSwq0lhTqr1,https://i.ebayimg.com/thumbs/images/g/RgYAAOSwq0lhTqr1/s-l225.jpg
67,shoe,"Nike Dunk Low Retro Premium ""Animal Pack Giraffe"" size US 9 *NEW* DH7913-200",$289.86,https://www.ebay.com/itm/154625552433?epid=12047623292&hash=item240066b031:g:u30AAOSwxxZhTqoz,https://i.ebayimg.com/thumbs/images/g/u30AAOSwxxZhTqoz/s-l225.jpg
68,shoe,Kurt Geiger Fly Mens Hi Top Sneakers Synthetic Black Size 10 / 44,$54.69,https://www.ebay.com/itm/133887009413?hash=item1f2c49a285:g:Ap4AAOSwlVxg-IPm,https://i.ebayimg.com/thumbs/images/g/Ap4AAOSwlVxg-IPm/s-l225.jpg
69,shoe,New Balance Arishi Vintage Beige/Blue Running Shoes Size 8.5 4E Wide Men's,$49.99,https://www.ebay.com/itm/115010225881?hash=item1ac724c6d9:g:ZqcAAOSwkqZg9wgS,https://i.ebayimg.com/thumbs/images/g/ZqcAAOSwkqZg9wgS/s-l225.jpg
70,shoe,$595 JOHN GALLIANO LOW TOP WHITE LEATHER GOLD CHAIN MEN'S SNEAKERS 41.5 / 8.5,$74.00,https://www.ebay.com/itm/174953384684?hash=item28bc08caec:g:77MAAOSwpL1f87yc,https://i.ebayimg.com/thumbs/images/g/77MAAOSwpL1f87yc/s-l225.jpg
71,shoe,Puma Number - 42,$23.42,https://www.ebay.com/itm/124919271199?hash=item1d15c4cf1f:g:tWIAAOSwGr5hTyeM,https://i.ebayimg.com/thumbs/images/g/tWIAAOSwGr5hTyeM/s-l225.jpg
72,shoe,Nike Air Huarache Cargo Khaki Olive Green 318429 306 Men SZ 9 Camo Running Shoe,$59.99,https://www.ebay.com/itm/144218160862?epid=18039808949&hash=item2194127ede:g:ITcAAOSwNPBhT3CZ,https://i.ebayimg.com/thumbs/images/g/ITcAAOSwNPBhT3CZ/s-l225.jpg
73,shoe,Adidas Original Swift Run Baby Blue - US 5 Reflective - BRAND NEW RRP$120,$28.99,https://www.ebay.com/itm/174952910111?hash=item28bc018d1f:g:H6gAAOSwZEFhQyYy,https://i.ebayimg.com/thumbs/images/g/H6gAAOSwZEFhQyYy/s-l225.jpg
74,shoe,Adidas Men's Ultraboost C.RDY Core Black Signal Orange Shoes FV8363 Size 10.5,$129.97,https://www.ebay.com/itm/115010720529?epid=21045631732&hash=item1ac72c5311:g:DEkAAOSwSfBhT2pT,https://i.ebayimg.com/thumbs/images/g/DEkAAOSwSfBhT2pT/s-l225.jpg
75,shoe,NIKE Lunar Clipper '17 Black Turf Baseball Cleats Shoes NEW Mens Sz 9,$69.90,https://www.ebay.com/itm/144217490841?hash=item2194084599:g:SWMAAOSwOIhhTtWg,https://i.ebayimg.com/thumbs/images/g/SWMAAOSwOIhhTtWg/s-l225.jpg
76,shoe,Jordan 4 Retro x Union LA Off Noir 2020 Mens Size 10 Deadstock ,$925.00,https://www.ebay.com/itm/154626134233?epid=25040601961&hash=item24006f90d9:g:bK4AAOSwLxJhT3Ys,https://i.ebayimg.com/thumbs/images/g/bK4AAOSwLxJhT3Ys/s-l225.jpg
77,shoe,New Authentic PRADA Mens Shoes Sneakers Schuhe Scarpe US8.5 EU41.5 UK7.5 2EG149,$321.95,https://www.ebay.com/itm/185071195342?hash=item2b171a54ce:g:Tz0AAOSwr5FfBqsF,https://i.ebayimg.com/thumbs/images/g/Tz0AAOSwr5FfBqsF/s-l225.jpg
78,shoe,Size 9.5 - adidas Orion Terry fox,$105.00,https://www.ebay.com/itm/313686636319?epid=19043413885&hash=item49092e371f:g:BhoAAOSwFslhQLxG,https://i.ebayimg.com/thumbs/images/g/BhoAAOSwFslhQLxG/s-l225.jpg
79,shoe,"Nike Air Jordan Mid 1 ‚ÄòSheila Rashid‚Äô Size UK8,EU42,5.",$174.53,https://www.ebay.com/itm/115009890615?hash=item1ac71fa937:g:kE0AAOSwtpBejtZ2,https://i.ebayimg.com/thumbs/images/g/kE0AAOSwtpBejtZ2/s-l225.jpg
80,shoe,Nike Air Flight Legacy Mens Trainers White Black Ted UK10 Eu 45 BQ4212 100 New ,$123.07,https://www.ebay.com/itm/165091780124?epid=10044967962&hash=item26703ca61c:g:rZEAAOSw0jlhTzr7,https://i.ebayimg.com/thumbs/images/g/rZEAAOSw0jlhTzr7/s-l225.jpg
81,shoe,Nike number - 45,$19.90,https://www.ebay.com/itm/124919299898?hash=item1d15c53f3a:g:gPsAAOSwQtphTys8,https://i.ebayimg.com/thumbs/images/g/gPsAAOSwQtphTys8/s-l225.jpg
82,shoe,Nike Kyrie 4 CNY 943807 600 100% AUTHENTIC US men 11 Chinese NY,$124.97,https://www.ebay.com/itm/133887365196?epid=10039821478&hash=item1f2c4f104c:g:WU0AAOSwFythT3jG,https://i.ebayimg.com/thumbs/images/g/WU0AAOSwFythT3jG/s-l225.jpg
83,shoe,BROOKS BEAST 18 MENS RUNNING SHOES (4E) (004),$147.79,https://www.ebay.com/itm/153111600232?hash=item23a6299c68:g:CdgAAOSwZ8RbVlKI,https://i.ebayimg.com/thumbs/images/g/CdgAAOSwZ8RbVlKI/s-l225.jpg
84,shoe,"Puma x Ralph Sampson ‚ÄòPac Man‚Äô Size UK9,EU43.",$197.96,https://www.ebay.com/itm/115009890208?hash=item1ac71fa7a0:g:WLYAAOSw9kRgVMHJ,https://i.ebayimg.com/thumbs/images/g/WLYAAOSw9kRgVMHJ/s-l225.jpg
85,shoe,Nike Free Train Virtue Hustle Hart Day Mens 11 Running Shoes Multicolor,$67.75,https://www.ebay.com/itm/144213458453?epid=21039820326&hash=item2193cabe15:g:l0gAAOSwxxRhQ3Pg,https://i.ebayimg.com/thumbs/images/g/l0gAAOSwxxRhQ3Pg/s-l225.jpg
86,shoe,Nike Sneakers Black Limelight Suede Mesh Daybreak SP Limelight Retro Mens 13,$84.99,https://www.ebay.com/itm/203626569355?epid=23040617818&hash=item2f6916de8b:g:vrEAAOSwS6Rg1hnq,https://i.ebayimg.com/thumbs/images/g/vrEAAOSwS6Rg1hnq/s-l225.jpg
87,shoe,Reebok Crossfit Nano 9.0 Mens Training Shoes - White,$98.45,https://www.ebay.com/itm/372924879955?hash=item56d40e1453:g:VfIAAOSwwkhgNLoG,https://i.ebayimg.com/thumbs/images/g/VfIAAOSwwkhgNLoG/s-l225.jpg
88,shoe,NIKE  Aq5707-402  Blue Size 28cm Fashion sneakers 8760 From Japan,$198.40,https://www.ebay.com/itm/114881775402?hash=item1abf7cc72a:g:eVwAAOSwZO5g5W84,https://i.ebayimg.com/thumbs/images/g/eVwAAOSwZO5g5W84/s-l225.jpg
89,shoe,New Balance 247 Mens 13 Running Shoes REV Lite Black Sneakers ,$24.75,https://www.ebay.com/itm/144215892229?hash=item2193efe105:g:3nAAAOSw7PxhPlTU,https://i.ebayimg.com/thumbs/images/g/3nAAAOSw7PxhPlTU/s-l225.jpg
90,shoe,Air Jordan Retro 6 Gold Hoops DH9696-100 Women's SZ 10 or Mens SZ 8.5 -NEW W/Box,$229.99,https://www.ebay.com/itm/144218181689?hash=item219412d039:g:DpgAAOSwTgJhEfnK,https://i.ebayimg.com/thumbs/images/g/DpgAAOSwTgJhEfnK/s-l225.jpg
91,shoe,Skechers Shape Ups Mens Sz 10 Walking Shoes black Toning Sneakers,$35.00,https://www.ebay.com/itm/124918294559?hash=item1d15b5e81f:g:DhcAAOSwxj9hTk18,https://i.ebayimg.com/thumbs/images/g/DhcAAOSwxj9hTk18/s-l225.jpg
92,shoe,adidas Pharrell Williams Tennis Hu Shoes White Knit Trainers,$123.07,https://www.ebay.com/itm/153966308003?hash=item23d91b6aa3:g:B18AAOSwHkRe4AJQ,https://i.ebayimg.com/thumbs/images/g/B18AAOSwHkRe4AJQ/s-l225.jpg
93,shoe,NIKE LOW-CUT 28.5CM AH8050-015 270 Black Size 28.5cm Sneakers 1180 From Japan,$171.70,https://www.ebay.com/itm/114821335034?hash=item1abbe287fa:g:ws4AAOSwILhgqgy1,https://i.ebayimg.com/thumbs/images/g/ws4AAOSwILhgqgy1/s-l225.jpg
94,shoe,Reebok Mens Royal BB4500H X-WIDE 4E Shoes - *Size 13* - [M43487],$70.00,https://www.ebay.com/itm/234125030255?hash=item3682f0736f:g:-J0AAOSwItVhDZFy,https://i.ebayimg.com/thumbs/images/g/-J0AAOSwItVhDZFy/s-l225.jpg
95,shoe,NIKE LOW-CUT 26.5CM CK7214-001 07 LV8 Black Size 26.5cm Sneakers 4601,$271.15,https://www.ebay.com/itm/114821382081?hash=item1abbe33fc1:g:FQIAAOSwKqdgqh5Q,https://i.ebayimg.com/thumbs/images/g/FQIAAOSwKqdgqh5Q/s-l225.jpg
96,shoe,"Nike Air Jordan 1 Retro High OG Bloodline, US Men Size 9. 555088 062.",$300.00,https://www.ebay.com/itm/144218035900?epid=22039803856&hash=item21941096bc:g:buMAAOSwjilg8MMA,https://i.ebayimg.com/thumbs/images/g/buMAAOSwjilg8MMA/s-l225.jpg
97,shoe, Uomo Athletic Salomon Speed Cross 3 Running Sport Outdoor Escursioni Scarpe ,$25.80 to $40.59,https://www.ebay.com/itm/294382251232?hash=item448a8cace0:g:ytoAAOSwpLhhOFNC,https://i.ebayimg.com/thumbs/images/g/ytoAAOSwpLhhOFNC/s-l225.jpg
98,shoe,NIKE LOW-CUT _AO2924-014 28CM Black Size 28cm Fashion sneakers 2540 From Japan,$271.15,https://www.ebay.com/itm/114821251522?hash=item1abbe141c2:g:egMAAOSwM2Vgqe9L,https://i.ebayimg.com/thumbs/images/g/egMAAOSwM2Vgqe9L/s-l225.jpg
99,shoe,NIKE 720 Air Ao2924-001 26.5cm Gray Size 26.5cm Fashion sneakers From Japan,$260.95,https://www.ebay.com/itm/114631624253?hash=item1ab093c63d:g:cJ0AAOSwR7RgAShr,https://i.ebayimg.com/thumbs/images/g/cJ0AAOSwR7RgAShr/s-l225.jpg
100,shoe,NIKE 98 Air 640744-009 26cm Black Size 26cm Fashion sneakers 4020 From Japan,$260.95,https://www.ebay.com/itm/114631935390?hash=item1ab098859e:g:zs4AAOSwaAxgAXal,https://i.ebayimg.com/thumbs/images/g/zs4AAOSwaAxgAXal/s-l225.jpg
101,shoe,Nike Air Jordan Dub Zero Shoes Men's 9.5 White Black Gray 311046-161 Basketball,$60.96,https://www.ebay.com/itm/185070447199?epid=19047570650&hash=item2b170eea5f:g:yw8AAOSwLplhMRky,https://i.ebayimg.com/thumbs/images/g/yw8AAOSwLplhMRky/s-l225.jpg
102,shoe,"CONVERSE UNISEX RETRO SHERPA STAR PLAYER OX SNEAKERS TRAINERS SCHUHE NEW 40,5",$126.33,https://www.ebay.com/itm/274960084668?epid=24047090576&hash=item4004e5eebc:g:8joAAOSwgLZhTaQX,https://i.ebayimg.com/thumbs/images/g/8joAAOSwgLZhTaQX/s-l225.jpg
103,shoe,NIKE Air Foamposite Pro Blue 624041-403 28.5 Cm Bl 28.5cm Sneakers,$323.00,https://www.ebay.com/itm/114886274856?hash=item1abfc16f28:g:FKQAAOSwEq5g6dNO,https://i.ebayimg.com/thumbs/images/g/FKQAAOSwEq5g6dNO/s-l225.jpg
104,shoe,Air Jordan Retro 6 Gold Hoops DH9696-100 Women's SZ 10 or Mens SZ 8.5 NEW W/Box,$229.99,https://www.ebay.com/itm/144218185925?hash=item219412e0c5:g:DpgAAOSwTgJhEfnK,https://i.ebayimg.com/thumbs/images/g/DpgAAOSwTgJhEfnK/s-l225.jpg
105,shoe,NIKE LOW-CUT _CD2189-001 26.5CM  Black Size 26.5cm Sneakers 5383 From Japan,$187.85,https://www.ebay.com/itm/114821301786?hash=item1abbe2061a:g:O4gAAOSwLq1gqgIW,https://i.ebayimg.com/thumbs/images/g/O4gAAOSwLq1gqgIW/s-l225.jpg
106,shoe,NIKE Air Cd4165-003 25.5cm  Black Size 25.5cm Sneakers 7571 From Japan,$177.65,https://www.ebay.com/itm/114882086260?hash=item1abf818574:g:5dgAAOSwDXBg5as9,https://i.ebayimg.com/thumbs/images/g/5dgAAOSwDXBg5as9/s-l225.jpg
107,shoe,NIKE Air Aerial Aj2998-600 28.5Cm Red Red Size 28.5cm Sneakers From Japan,$222.70,https://www.ebay.com/itm/114886279545?hash=item1abfc18179:g:mkkAAOSwJHdg6dPs,https://i.ebayimg.com/thumbs/images/g/mkkAAOSwJHdg6dPs/s-l225.jpg
108,shoe,Air Jordan Retro 13 'Obsidian' 414571-144 Dark Powder Blue Mens Sz 11  Authentic,$239.99,https://www.ebay.com/itm/144218176621?epid=25048589529&hash=item219412bc6d:g:1PIAAOSw2QZhT3Sl,https://i.ebayimg.com/thumbs/images/g/1PIAAOSw2QZhT3Sl/s-l225.jpg
109,shoe,Isaia NIB Green Gray Suede Cashmere Runner Sneakers Shoes 44 eu 11 US,$284.90,https://www.ebay.com/itm/174953001867?hash=item28bc02f38b:g:zRYAAOSwEJZc~xV~,https://i.ebayimg.com/thumbs/images/g/zRYAAOSwEJZc~xV~/s-l225.jpg
110,shoe,Yeezy Boost 350 V2 Light size 9,$250.00,https://www.ebay.com/itm/165091699409?hash=item26703b6ad1:g:lNUAAOSwOERhTyqX,https://i.ebayimg.com/thumbs/images/g/lNUAAOSwOERhTyqX/s-l225.jpg
111,shoe,New Nike Dunk High Retro Game Royal DD1399 102 US 10,$168.00,https://www.ebay.com/itm/133886882173?epid=11044896597&hash=item1f2c47b17d:g:TX0AAOSwJNxhTpqG,https://i.ebayimg.com/thumbs/images/g/TX0AAOSwJNxhTpqG/s-l225.jpg
112,shoe,NIKE  27.5cm 624041-010 Black Size 27.5cm Fashion sneakers 1498 From Japan,$361.25,https://www.ebay.com/itm/114804178267?hash=item1abadcbd5b:g:0JIAAOSwjJpgm4XE,https://i.ebayimg.com/thumbs/images/g/0JIAAOSwjJpgm4XE/s-l225.jpg
113,shoe,NIKE  Air384664-145 28.5 Cm  White Size 28.5cm Fashion sneakers From Japan,$323.00,https://www.ebay.com/itm/114886280505?hash=item1abfc18539:g:ywUAAOSw6p5g6dPx,https://i.ebayimg.com/thumbs/images/g/ywUAAOSw6p5g6dPx/s-l225.jpg
114,shoe,Air Jordan Retro 13 Obsidian 414571-144 Dark Powder Blue Mens Sz 11.5  Authentic,$299.99,https://www.ebay.com/itm/144218178813?epid=10048604709&hash=item219412c4fd:g:1PIAAOSw2QZhT3Sl,https://i.ebayimg.com/thumbs/images/g/1PIAAOSw2QZhT3Sl/s-l225.jpg
115,shoe,Mens-Clarks Casual Slip On Trainers Un Trail Step,$102.55,https://www.ebay.com/itm/273619069838?hash=item3fb4f7ab8e:g:DIcAAOSwBPRcG26y,https://i.ebayimg.com/thumbs/images/g/DIcAAOSwBPRcG26y/s-l225.jpg
116,shoe,Puma Mens Speed 600 2 Neutral Lightweight Running Shoes Black,$129.90,https://www.ebay.com/itm/154624904171?hash=item24005ccbeb:g:XqsAAOSwxOZhTjSz,https://i.ebayimg.com/thumbs/images/g/XqsAAOSwxOZhTjSz/s-l225.jpg
117,shoe,Mens HOKA ONE ONE Speedgoat 4 blue Trail Running Shoes Sz. 8 / 40,$60.00,https://www.ebay.com/itm/124919340668?hash=item1d15c5de7c:g:dp4AAOSwz8hhTzNk,https://i.ebayimg.com/thumbs/images/g/dp4AAOSwz8hhTzNk/s-l225.jpg
118,shoe,Nike Zoom Train Command Men‚Äôs Shoes Size 9.5 Lagoon Pulse White Blue 922478-104,$34.99,https://www.ebay.com/itm/133886924388?epid=11039828839&hash=item1f2c485664:g:3RYAAOSwoalhTqlV,https://i.ebayimg.com/thumbs/images/g/3RYAAOSwoalhTqlV/s-l225.jpg
119,shoe,Reebok Crossfit Nano 9.0 Mens Training Shoes - Blue,$105.29,https://www.ebay.com/itm/372847375151?hash=item56cf6f732f:g:Mr0AAOSwwqpgIWkG,https://i.ebayimg.com/thumbs/images/g/Mr0AAOSwwqpgIWkG/s-l225.jpg
120,shoe,Vans Shoes Slip On Red Off the wall Size Womens US 11 New,$24.97,https://www.ebay.com/itm/133887313522?hash=item1f2c4e4672:g:tCIAAOSw0ldhJuyc,https://i.ebayimg.com/thumbs/images/g/tCIAAOSw0ldhJuyc/s-l225.jpg
121,shoe,LaSportiva KAPTIVA Men US 6.5 +/ Women's 7.5+,$69.95,https://www.ebay.com/itm/154624790467?hash=item24005b0fc3:g:-EwAAOSwJ4thR85K,https://i.ebayimg.com/thumbs/images/g/-EwAAOSwJ4thR85K/s-l225.jpg
122,shoe,NIKE LOW-CUT 26CM CD2189-001 Black Size 26cm Fashion sneakers 7232 From Japan,$171.70,https://www.ebay.com/itm/114821243982?hash=item1abbe1244e:g:nq0AAOSwCihgqetF,https://i.ebayimg.com/thumbs/images/g/nq0AAOSwCihgqetF/s-l225.jpg
123,shoe,Ortho Feet Bio Fit Diabetic Walking Shoes Mens 10 2E Walking Runing Athletic ,$69.99,https://www.ebay.com/itm/165089146258?hash=item2670147592:g:KTAAAOSw-QFhTQbq,https://i.ebayimg.com/thumbs/images/g/KTAAAOSw-QFhTQbq/s-l225.jpg
124,shoe,Nike Zoom Pegasus 35 Turbo Size 10 Running Shoes Smoke Grey White AJ4114-102,$49.99,https://www.ebay.com/itm/144218162041?epid=17039813132&hash=item2194128379:g:IggAAOSwNPBhT3EV,https://i.ebayimg.com/thumbs/images/g/IggAAOSwNPBhT3EV/s-l225.jpg
125,shoe,NIKE  25.5cm Pvc Ao02924-014 Black Size 25.5cm Fashion sneakers 4020 From Japan,$277.10,https://www.ebay.com/itm/114632914920?hash=item1ab0a777e8:g:xqkAAOSw71NgAh-O,https://i.ebayimg.com/thumbs/images/g/xqkAAOSw71NgAh-O/s-l225.jpg
126,shoe,NIKE 98 28cm 640744-200 Pink Size 28cm Fashion sneakers 4020 From Japan,$227.80,https://www.ebay.com/itm/114630664278?hash=item1ab0852056:g:tQYAAOSwntRgAGOl,https://i.ebayimg.com/thumbs/images/g/tQYAAOSwntRgAGOl/s-l225.jpg
127,shoe,Atlantic STARS Low-Cut Sneakers 42 Brw Size US 8.5 from japan 6282,$275.99,https://www.ebay.com/itm/114364433530?hash=item1aa0a6c47a:g:2R0AAOSwWd5fPKNN,https://i.ebayimg.com/thumbs/images/g/2R0AAOSwWd5fPKNN/s-l225.jpg
128,shoe,NIKE  27.5cm 2002 17 302720-041 Black Size 27.5cm Fashion sneakers From Japan,$494.70,https://www.ebay.com/itm/114804764025?hash=item1abae5ad79:g:9WcAAOSwFG9gnBLi,https://i.ebayimg.com/thumbs/images/g/9WcAAOSwFG9gnBLi/s-l225.jpg
129,shoe,"Adidas Men's Stan Smith M20324 Running Shoes Size 10.5 M, White-Green,   20901",$47.99,https://www.ebay.com/itm/154625837105?epid=22039800300&hash=item24006b0831:g:NXYAAOSwWMBhMgrD,https://i.ebayimg.com/thumbs/images/g/NXYAAOSwWMBhMgrD/s-l225.jpg
130,shoe,NIKE  27.5cm Ck7214-001 Black Size 27.5cm Fashion sneakers 4020 From Japan,$294.10,https://www.ebay.com/itm/114630984711?hash=item1ab08a0407:g:Id4AAOSw1Y9gAJs5,https://i.ebayimg.com/thumbs/images/g/Id4AAOSw1Y9gAJs5/s-l225.jpg
131,shoe,NIKE Low-Cut 25.5cm Air Vapormax 924453-015 Black 25.5cm Sneakers From Japan,$411.40,https://www.ebay.com/itm/114753061730?hash=item1ab7d0c362:g:CaQAAOSwJ8Fgag1f,https://i.ebayimg.com/thumbs/images/g/CaQAAOSwJ8Fgag1f/s-l225.jpg
132,shoe,NIKE 26.5 cm Multicolor 834584-006 Multicolor Size 26.5cm Sneakers From Japan,$177.65,https://www.ebay.com/itm/114883556811?hash=item1abf97f5cb:g:gesAAOSwYhJg5xq4,https://i.ebayimg.com/thumbs/images/g/gesAAOSwYhJg5xq4/s-l225.jpg
133,shoe,NIKE LOW-CUT 26.5CM  White Size 26.5cm Fashion sneakers 302 From Japan,$187.85,https://www.ebay.com/itm/114821182604?hash=item1abbe0348c:g:qHIAAOSwxghgqc~C,https://i.ebayimg.com/thumbs/images/g/qHIAAOSwxghgqc~C/s-l225.jpg
134,shoe,New Balance Mens Size 9.5 D M990BB5 Triple Black Suede Running 990v5 Made USA,$129.99,https://www.ebay.com/itm/154625400214?epid=24043985220&hash=item2400645d96:g:BgYAAOSwJoVhRtRV,https://i.ebayimg.com/thumbs/images/g/BgYAAOSwJoVhRtRV/s-l225.jpg
135,shoe,NEW Nike Air Jordan 1 Mid SE Metallic Electric Orange Mens DM3531-800 SIZE 11,$159.99,https://www.ebay.com/itm/144218186758?hash=item219412e406:g:9q8AAOSwBeFhT3dj,https://i.ebayimg.com/thumbs/images/g/9q8AAOSwBeFhT3dj/s-l225.jpg
136,shoe,Nike Air Jordan 11 Retro XI Low Cherry Varsity Red Sz 6Y (Women 7.5 (528896-102,$119.99,https://www.ebay.com/itm/144217337956?hash=item219405f064:g:WIkAAOSwewhgiGMS,https://i.ebayimg.com/thumbs/images/g/WIkAAOSwewhgiGMS/s-l225.jpg
137,shoe,3M  27.5Cm Ef9419 White Size 27.5cm Fashion sneakers 2131 From Japan,$193.80,https://www.ebay.com/itm/114823566482?hash=item1abc049492:g:yncAAOSwNeRgrAOP,https://i.ebayimg.com/thumbs/images/g/yncAAOSwNeRgrAOP/s-l225.jpg
138,shoe,NIKE Lebron Xviii 27.5cm Cq9283-900 Multicolor Size 27.5cm Sneakers From Japan,$327.25,https://www.ebay.com/itm/114804880909?hash=item1abae7760d:g:Q9kAAOSwe4FgnDB0,https://i.ebayimg.com/thumbs/images/g/Q9kAAOSwe4FgnDB0/s-l225.jpg
139,shoe,NIKE  27 cm Ct2298-101 White Size 27cm Fashion sneakers 8154 From Japan,$294.10,https://www.ebay.com/itm/114883907726?hash=item1abf9d508e:g:eZAAAOSwgm1g53ZG,https://i.ebayimg.com/thumbs/images/g/eZAAAOSwgm1g53ZG/s-l225.jpg
140,shoe,NIKE  90 Pnd Qs Air 825512-004 27.5cm  Black Size 27.5cm Sneakers From Japan,$227.80,https://www.ebay.com/itm/114883325315?hash=item1abf946d83:g:F7MAAOSwcYpg5wCp,https://i.ebayimg.com/thumbs/images/g/F7MAAOSwcYpg5wCp/s-l225.jpg
141,shoe,NIKE Low-Cut Cz7911-001 27cm Black 27cm Fashion sneakers 7130 From Japan,$327.25,https://www.ebay.com/itm/114752865593?hash=item1ab7cdc539:g:g7kAAOSwuYBgadcC,https://i.ebayimg.com/thumbs/images/g/g7kAAOSwuYBgadcC/s-l225.jpg
142,shoe,NIKE TAGGED CW7298-100 270 AIR 26CM White Size 26cm Sneakers 2367 From Japan,$171.70,https://www.ebay.com/itm/114821307324?hash=item1abbe21bbc:g:h40AAOSwj~NgqgQa,https://i.ebayimg.com/thumbs/images/g/h40AAOSwj~NgqgQa/s-l225.jpg
143,shoe,800$ Balenciaga Red Leather High Tops Sneakers size US 13 or EU 46 Made in Italy,$599.00,https://www.ebay.com/itm/174820719908?hash=item28b4207d24:g:1MMAAOSwMl9aYQt2,https://i.ebayimg.com/thumbs/images/g/1MMAAOSwMl9aYQt2/s-l225.jpg
144,shoe,Nike Air Max 95 Premium Throwback Future Black Purple 538416-021 US Size 10.5,$119.99,https://www.ebay.com/itm/144218164969?epid=26039820547&hash=item2194128ee9:g:lJEAAOSw5blhT3Gf,https://i.ebayimg.com/thumbs/images/g/lJEAAOSw5blhT3Gf/s-l225.jpg
145,shoe,NIKE 95 Air Premium At8505-001 28.5cm Black Size 28.5cm Sneakers From Japan,$361.25,https://www.ebay.com/itm/114631871134?hash=item1ab0978a9e:g:gBkAAOSwZeBgAWdJ,https://i.ebayimg.com/thumbs/images/g/gBkAAOSwZeBgAWdJ/s-l225.jpg
146,shoe,Kurt Geiger Fly Mens Hi Top Sneakers Synthetic Black Size 11 / 45,$54.69,https://www.ebay.com/itm/133887103864?hash=item1f2c4b1378:g:4dAAAOSwnYFg-IPq,https://i.ebayimg.com/thumbs/images/g/4dAAAOSwnYFg-IPq/s-l225.jpg
147,shoe,Nike Alpha Menace Elite 2 Football Cleats White Orange  BV2077-104 Men's Sz 11,$99.99,https://www.ebay.com/itm/144218150971?hash=item219412583b:g:kqAAAOSw8nBhT23p,https://i.ebayimg.com/thumbs/images/g/kqAAAOSw8nBhT23p/s-l225.jpg
148,shoe,La Sportiva Mutant Mens 10.5 Gray Trail Running Shoes,$39.00,https://www.ebay.com/itm/124919552080?hash=item1d15c91850:g:Z~0AAOSw8~phT1x-,https://i.ebayimg.com/thumbs/images/g/Z~0AAOSw8~phT1x-/s-l225.jpg
149,shoe,NIKE Low-Cut 28cm Gray 28cm Fashion sneakers 7142 From Japan,$260.95,https://www.ebay.com/itm/114752464485?hash=item1ab7c7a665:g:KMwAAOSwi-dgaW1~,https://i.ebayimg.com/thumbs/images/g/KMwAAOSwi-dgaW1~/s-l225.jpg
150,shoe,NIKE  130690-600 12 28cm Red Leather Red Size 28cm Fashion sneakers From Japan,$312.80,https://www.ebay.com/itm/114627499040?hash=item1ab054d420:g:yHoAAOSw71Nf~iz3,https://i.ebayimg.com/thumbs/images/g/yHoAAOSw71Nf~iz3/s-l225.jpg
151,shoe,NIKE Ck0847-001 26.5Cm Size US 8.5 Black From Japan Fashion sneaker 1707,$199.52,https://www.ebay.com/itm/114468351765?epid=8039825928&hash=item1aa6d86f15:g:umsAAOSwbC9fivT2,https://i.ebayimg.com/thumbs/images/g/umsAAOSwbC9fivT2/s-l225.jpg
152,shoe,"Adidas by alexander wang AW HIKE IT, us 12, new with tags original box",$216.70,https://www.ebay.com/itm/154625944806?hash=item24006cace6:g:mzwAAOSw891hT0z4,https://i.ebayimg.com/thumbs/images/g/mzwAAOSw891hT0z4/s-l225.jpg
153,shoe,NIKE Air Vapormax 2019 Prm  Premium At6810-100 26. 26.5cm Sneakers,$260.95,https://www.ebay.com/itm/114881822815?hash=item1abf7d805f:g:V-0AAOSwiT9g5Xqe,https://i.ebayimg.com/thumbs/images/g/V-0AAOSwiT9g5Xqe/s-l225.jpg
154,shoe,ADIDAS BB2884 Shoes Size 10.5 mens Glitch Camo Core Black Grey Red Sneakers,$47.97,https://www.ebay.com/itm/185070446939?epid=26047623906&hash=item2b170ee95b:g:m7YAAOSwS9xhRlGY,https://i.ebayimg.com/thumbs/images/g/m7YAAOSwS9xhRlGY/s-l225.jpg
155,shoe,NIKE  27 cm 849559-001 Black Size 27cm Fashion sneakers 8250 From Japan,$277.10,https://www.ebay.com/itm/114883907939?hash=item1abf9d5163:g:w5cAAOSw9Ohg53Zh,https://i.ebayimg.com/thumbs/images/g/w5cAAOSw9Ohg53Zh/s-l225.jpg
156,shoe,NIKE 26cm 917646-007 Black Size 26cm Fashion sneakers 8684 From Japan,$243.95,https://www.ebay.com/itm/114881971818?hash=item1abf7fc66a:g:33QAAOSwSpFg5ZXM,https://i.ebayimg.com/thumbs/images/g/33QAAOSwSpFg5ZXM/s-l225.jpg
157,shoe,NIKE 2090 28Cm Cw4286-100 Size US 10 Black From Japan Fashion sneaker 3881,$299.66,https://www.ebay.com/itm/114469341463?hash=item1aa6e78917:g:V8MAAOSwotVfi9vm,https://i.ebayimg.com/thumbs/images/g/V8MAAOSwotVfi9vm/s-l225.jpg
158,shoe,NIKE Air Foamposite Pro Prm Gray 616750-002 Gray 27.5cm Sneakers From Japan,$294.10,https://www.ebay.com/itm/114753579899?hash=item1ab7d8ab7b:g:~u8AAOSwgrZgap4y,https://i.ebayimg.com/thumbs/images/g/~u8AAOSwgrZgap4y/s-l225.jpg
159,shoe,NIKE Cd6579-071   27.5Cm Leather Black Size 27.5cm Fashion sneakers From Japan,$423.30,https://www.ebay.com/itm/114886296923?hash=item1abfc1c55b:g:DRIAAOSwZ3Zg6dVC,https://i.ebayimg.com/thumbs/images/g/DRIAAOSwZ3Zg6dVC/s-l225.jpg
160,shoe,Adidas Sean Wotherspoon Superturf Adventure Size 12 DEADSTOCK Confirmed Order,$200.00,https://www.ebay.com/itm/115010546695?hash=item1ac729ac07:g:hlIAAOSwC8hhT0m2,https://i.ebayimg.com/thumbs/images/g/hlIAAOSwC8hhT0m2/s-l225.jpg
161,shoe,NIKE Low-Cut 25cm Gray 25cm Fashion sneakers 6485 From Japan,$227.80,https://www.ebay.com/itm/114752463136?hash=item1ab7c7a120:g:p1YAAOSw0LRgaWwt,https://i.ebayimg.com/thumbs/images/g/p1YAAOSw0LRgaWwt/s-l225.jpg
162,shoe,NIKE LOW-CUT 25CM PNK Pink Size 25cm Fashion sneakers 6272 From Japan,$192.80,https://www.ebay.com/itm/114821181364?hash=item1abbe02fb4:g:7qoAAOSwLeBgqc6H,https://i.ebayimg.com/thumbs/images/g/7qoAAOSwLeBgqc6H/s-l225.jpg
163,shoe,NIKE LOW-CUT 25CM  Multicolor Size 25cm Fashion sneakers 1900 From Japan,$187.85,https://www.ebay.com/itm/114821216145?hash=item1abbe0b791:g:DEkAAOSw5Ptgqd4Q,https://i.ebayimg.com/thumbs/images/g/DEkAAOSw5Ptgqd4Q/s-l225.jpg
164,shoe,Nike Zoom KD10 Kevin Durant Oreo White Flyknit Shoes 897815-001 Mens 11.5,$69.99,https://www.ebay.com/itm/144218159776?epid=7039824148&hash=item2194127aa0:g:wV4AAOSwQT9hT3Ab,https://i.ebayimg.com/thumbs/images/g/wV4AAOSwQT9hT3Ab/s-l225.jpg
165,shoe,New Balance Fresh Foam Tempo Mens Size 9 2E Running Shoes MTMPOBR Black Neon,$69.99,https://www.ebay.com/itm/154625400220?hash=item2400645d9c:g:wSUAAOSwYolhRs3d,https://i.ebayimg.com/thumbs/images/g/wSUAAOSwYolhRs3d/s-l225.jpg
166,shoe,Diadora Repubbliche Marinare N9000 MII Lace Up Mens Trainers White Red C0673,$88.88,https://www.ebay.com/itm/313576724978?hash=item4902a119f2:g:TusAAOSwE~Zg0x5p,https://i.ebayimg.com/thumbs/images/g/TusAAOSwE~Zg0x5p/s-l225.jpg
167,shoe,NIKE AIR AIR MAX AA2146-100 26CM  White Size 26cm Sneakers 6985 From Japan,$187.85,https://www.ebay.com/itm/114821283854?hash=item1abbe1c00e:g:EG8AAOSwAQtgqfv~,https://i.ebayimg.com/thumbs/images/g/EG8AAOSwAQtgqfv~/s-l225.jpg
168,shoe,Lebron James Zoom Soldier VII KINGS PRIDE Men‚Äôs Sz 11 White Volt 599264-103,$79.98,https://www.ebay.com/itm/115009984672?epid=21039819102&hash=item1ac72118a0:g:Wr4AAOSwCmBhJs4s,https://i.ebayimg.com/thumbs/images/g/Wr4AAOSwCmBhJs4s/s-l225.jpg
169,shoe,NIKE  90 Qs Air Cd0916-100 26.5 cm  White Size 26.5cm Sneakers From Japan,$294.10,https://www.ebay.com/itm/114882665646?hash=item1abf8a5cae:g:d4AAAOSwMJJg5lKL,https://i.ebayimg.com/thumbs/images/g/d4AAAOSwMJJg5lKL/s-l225.jpg
170,shoe,NIKE  25 cm Cz7911-001 Black Size 25cm Fashion sneakers 8220 From Japan,$294.10,https://www.ebay.com/itm/114883907257?hash=item1abf9d4eb9:g:k8gAAOSwn-lg53Yh,https://i.ebayimg.com/thumbs/images/g/k8gAAOSwn-lg53Yh/s-l225.jpg
171,shoe,NIKE Air Air Plus 924453-014 27cm Black Size 27cm Fashion sneakers From Japan,$277.10,https://www.ebay.com/itm/114632435650?hash=item1ab0a027c2:g:qCkAAOSw3QlgAcn9,https://i.ebayimg.com/thumbs/images/g/qCkAAOSw3QlgAcn9/s-l225.jpg
172,shoe,NIKE Air 30cm 924453-014 Sole Black Size 30cm Fashion sneakers 4020 From Japan,$327.25,https://www.ebay.com/itm/114632684027?hash=item1ab0a3f1fb:g:2XsAAOSwGmlgAfa7,https://i.ebayimg.com/thumbs/images/g/2XsAAOSwGmlgAfa7/s-l225.jpg
173,shoe,NIKE Air Air Cd4165-101 27.5cm White Size 27.5cm Fashion sneakers From Japan,$227.80,https://www.ebay.com/itm/114632077256?hash=item1ab09aafc8:g:jpgAAOSwMU5gAYy9,https://i.ebayimg.com/thumbs/images/g/jpgAAOSwMU5gAYy9/s-l225.jpg
174,shoe,"New adidas Yeezy Boost 350 V2 Mono Ice, GW2869, Size US 6",$278.00,https://www.ebay.com/itm/133887245833?epid=28045640098&hash=item1f2c4d3e09:g:un4AAOSwk-thT0i8,https://i.ebayimg.com/thumbs/images/g/un4AAOSwk-thT0i8/s-l225.jpg
175,shoe,Shoes NEW BALANCE M880 G10 GRIGIO-8,$198.75,https://www.ebay.com/itm/124919480746?hash=item1d15c801aa:g:TkYAAOSwOTZfOp6o,https://i.ebayimg.com/thumbs/images/g/TkYAAOSwOTZfOp6o/s-l225.jpg
176,shoe,Shoes NEW BALANCE Msolv CI2 BLU-10,$179.26,https://www.ebay.com/itm/124919480806?hash=item1d15c801e6:g:HgEAAOSwppFfOp9m,https://i.ebayimg.com/thumbs/images/g/HgEAAOSwppFfOp9m/s-l225.jpg
177,shoe,Nike Air Max Flywire Running Shoes Mens Size 14 Gray White Sneakers 386368-015,$64.97,https://www.ebay.com/itm/255148936291?hash=item3b680fcc63:g:qoMAAOSw80Vgs86N,https://i.ebayimg.com/thumbs/images/g/qoMAAOSw80Vgs86N/s-l225.jpg
178,shoe,NIKE 27cm Pnk 270 A01023-401 Pink Size 27cm Sneakers 7574 From Japan,$193.80,https://www.ebay.com/itm/114881908521?hash=item1abf7ecf29:g:aKMAAOSwkctg5YVM,https://i.ebayimg.com/thumbs/images/g/aKMAAOSwkctg5YVM/s-l225.jpg
179,shoe,NIKE Low-Cut 28.5cm Leather Ct2537-100 Multicolor 28.5cm Sneakers From Japan,$277.10,https://www.ebay.com/itm/114753555717?hash=item1ab7d84d05:g:EGoAAOSwhwhgapeG,https://i.ebayimg.com/thumbs/images/g/EGoAAOSwhwhgapeG/s-l225.jpg
180,shoe,Retro 530 Silber SG just Laufschuhe Turnschuhe atmungsaktives [NEW BALANCE] #,$57.26,https://www.ebay.com/itm/294360931682?hash=item4489475d62:g:FjIAAOSwsOphKJih,https://i.ebayimg.com/thumbs/images/g/FjIAAOSwsOphKJih/s-l225.jpg
181,shoe,NIKE LOW-CUT 29CM PNK AT6395-600 NSW SETTER Pink Size 29cm Sneakers 4145,$187.85,https://www.ebay.com/itm/114821464808?hash=item1abbe482e8:g:cVkAAOSw6jhgqjOp,https://i.ebayimg.com/thumbs/images/g/cVkAAOSw6jhgqjOp/s-l225.jpg
182,shoe,"Bundeswehr Sports Shoes, terrain, in Black, Outdoor Sneakers Running Shoes",$23.42 to $26.93,https://www.ebay.com/itm/393175308051?hash=item5b8b131713:g:ubgAAOSwSHlgQnqv,https://i.ebayimg.com/thumbs/images/g/ubgAAOSwSHlgQnqv/s-l225.jpg
183,shoe,NIKE LOW-CUT 25CM OG UNIVERSITY GOLD Multicolor Size 25cm Sneakers 2703,$192.80,https://www.ebay.com/itm/114821445433?hash=item1abbe43739:g:5VYAAOSw1qxgqi2t,https://i.ebayimg.com/thumbs/images/g/5VYAAOSw1qxgqi2t/s-l225.jpg
184,shoe,NIKE 98 Air 640744-005 27cm Gray Size 27cm Fashion sneakers 4020 From Japan,$327.25,https://www.ebay.com/itm/114631144437?hash=item1ab08c73f5:g:bIEAAOSw2FNgALNk,https://i.ebayimg.com/thumbs/images/g/bIEAAOSw2FNgALNk/s-l225.jpg
185,shoe,NIKE 55 55 Bq6166-102 26cm White Size 26cm Fashion sneakers 4020 From Japan,$227.80,https://www.ebay.com/itm/114631116102?hash=item1ab08c0546:g:YJ0AAOSwjO1gAKw4,https://i.ebayimg.com/thumbs/images/g/YJ0AAOSwjO1gAKw4/s-l225.jpg
186,shoe,"New adidas Yeezy Boost 700 MNVN Blue Tint, GZ0711, Size US 5.5",$228.50,https://www.ebay.com/itm/133887238379?hash=item1f2c4d20eb:g:AZoAAOSwOJ1hT0c-,https://i.ebayimg.com/thumbs/images/g/AZoAAOSwOJ1hT0c-/s-l225.jpg
187,shoe,NIKE _943807-012 27cm Grn Green Size 27cm Fashion sneakers 1498 From Japan,$243.95,https://www.ebay.com/itm/114804184378?hash=item1abadcd53a:g:dX0AAOSwvMRgm4Z5,https://i.ebayimg.com/thumbs/images/g/dX0AAOSwvMRgm4Z5/s-l225.jpg
188,shoe,Men's Running Shoe Nike Revolution 5 Black Atomic Orange Obsidian BQ3204017 10,$0.99,https://www.ebay.com/itm/115010782625?hash=item1ac72d45a1:g:6bkAAOSwFPZhJAS0,https://i.ebayimg.com/thumbs/images/g/6bkAAOSwFPZhJAS0/s-l225.jpg
189,shoe,NIKE Son Of San'Obu 616775-005 26cm Black 26cm Fashion sneakers From Japan,$177.65,https://www.ebay.com/itm/114752937464?hash=item1ab7ceddf8:g:GqQAAOSwIkpgaeuR,https://i.ebayimg.com/thumbs/images/g/GqQAAOSwIkpgaeuR/s-l225.jpg
190,shoe,NIKE Air Vapormax 2019 Low-Cut 25cm Bv1712-001 Gray 25cm Sneakers From Japan,$277.10,https://www.ebay.com/itm/114753045113?hash=item1ab7d08279:g:gOMAAOSw6jhgagjU,https://i.ebayimg.com/thumbs/images/g/gOMAAOSw6jhgagjU/s-l225.jpg
191,shoe,Shoes New Balance Ml-574 Ete Black 11¬Ω,$150.69,https://www.ebay.com/itm/115010585501?hash=item1ac72a439d:g:ANgAAOSwsfpgVOAo,https://i.ebayimg.com/thumbs/images/g/ANgAAOSwsfpgVOAo/s-l225.jpg
192,shoe,NIKE LOW-CUT CD6109-200 26.5CM BEG Beige Size 26.5cm Sneakers 694 From Japan,$388.45,https://www.ebay.com/itm/114821316965?hash=item1abbe24165:g:qx4AAOSwK0dgqgaO,https://i.ebayimg.com/thumbs/images/g/qx4AAOSwK0dgqgaO/s-l225.jpg
193,shoe,NIKE Instir 27.5cm Blk Fashion sneakers 3146 From Japan,$195.50,https://www.ebay.com/itm/114626977196?hash=item1ab04cddac:g:sMcAAOSwcsJf~c0k,https://i.ebayimg.com/thumbs/images/g/sMcAAOSwcsJf~c0k/s-l225.jpg
194,shoe,Jordan 12 Dark Concord UK 8,$314.54,https://www.ebay.com/itm/154626061420?hash=item24006e746c:g:E60AAOSwWvphQhcU,https://i.ebayimg.com/thumbs/images/g/E60AAOSwWvphQhcU/s-l225.jpg
195,shoe,"Size 9.5 - Nike SB Dunk Low Chinese New Year ""Street Hawker""",$395.00,https://www.ebay.com/itm/115010504668?epid=5043560445&hash=item1ac72907dc:g:OK4AAOSwGt1hQwod,https://i.ebayimg.com/thumbs/images/g/OK4AAOSwGt1hQwod/s-l225.jpg
196,shoe,NEW BALANCE Shoes M991 Fa uk-10,$279.28,https://www.ebay.com/itm/115010012306?hash=item1ac7218492:g:tk0AAOSwKZ5ZySJK,https://i.ebayimg.com/thumbs/images/g/tk0AAOSwKZ5ZySJK/s-l225.jpg
197,shoe,NIKE  27.5cm Blk 414571 061 Size US 9.5 From Japan Sneaker 2435,$342.75,https://www.ebay.com/itm/114344372584?hash=item1a9f74a968:g:ddoAAOSwNZRfLZ1h,https://i.ebayimg.com/thumbs/images/g/ddoAAOSwNZRfLZ1h/s-l225.jpg
198,shoe,NIKE 28Cm Bq-6166-403 55 Size US 10 vy From Japan Fashion sneaker 9692,$232.90,https://www.ebay.com/itm/114468794047?hash=item1aa6df2ebf:g:zHsAAOSwK9lfi07S,https://i.ebayimg.com/thumbs/images/g/zHsAAOSwK9lfi07S/s-l225.jpg
199,shoe,NIKE 95 Air 609048-092 27.5cm Black Size 27.5cm Fashion sneakers From Japan,$294.10,https://www.ebay.com/itm/114631772671?hash=item1ab09609ff:g:IAUAAOSw~FZgAU~I,https://i.ebayimg.com/thumbs/images/g/IAUAAOSw~FZgAU~I/s-l225.jpg
200,shoe,NIKE SP HIPPIE 04 27CM CD3476-100 Gray Size 27cm Sneakers 6591 From Japan,$208.00,https://www.ebay.com/itm/114821278126?hash=item1abbe1a9ae:g:iRoAAOSwnj5gqffq,https://i.ebayimg.com/thumbs/images/g/iRoAAOSwnj5gqffq/s-l225.jpg
201,shoe,NIKE 845037-021Xxxi   27Cm Orn Orange Size 27cm Fashion sneakers From Japan,$243.00,https://www.ebay.com/itm/114886291485?hash=item1abfc1b01d:g:wzgAAOSwrVNg6dRq,https://ir.ebaystatic.com/cr/v/c1/s_1x2.gif
202,shoe,"800$ Balenciaga Olive Suede High Tops Sneakers size US 12, EU 45 Made in Italy",$599.00,https://www.ebay.com/itm/174902622548?hash=item28b9023954:g:yRgAAOSwyARbQ48u,https://ir.ebaystatic.com/cr/v/c1/s_1x2.gif
203,shoe,NIKE Low-Cut 26cm Cu7623-001 Black 26cm Fashion sneakers 1282 From Japan,$277.10,https://www.ebay.com/itm/114752815049?hash=item1ab7ccffc9:g:cJYAAOSwDkVgaccV,https://ir.ebaystatic.com/cr/v/c1/s_1x2.gif
